{"1": 20.41592251556256, "2": 19.70105130956835, "3": 18.363683428201956, "4": 23.777077970408524, "5": 18.079074628802257, "6": 19.84116278319593, "7": 18.995177617327037, "8": 22.185961429912506, "9": 19.068250328387737, "10": 18.46711381812241, "11": 19.537256699588312, "12": 20.9512161769242, "13": 16.84597537040032, "14": 17.63719816014424, "15": 28.673270784101213, "16": 18.172055938775042, "17": 18.431810650136846, "18": 16.059498091443693, "19": 20.535550400749717, "20": 21.832475853302988, "21": 21.429479654303066, "22": 22.802800150242245, "23": 18.118987407561214, "24": 18.93851413477849, "25": 17.422140706956565, "26": 17.536293517352423, "27": 22.244809968781745, "28": 19.726224804373302, "29": 15.746581508688017, "30": 21.18303103798592, "31": 16.949182274318684, "32": 22.90818414406873, "33": 16.725721619056927, "34": 18.21492383530681, "35": 15.917256864530236, "36": 17.84307558670041, "37": 18.26018746016012, "38": 21.06376504122055, "39": 16.598076450521226, "40": 19.98097415454274, "41": 25.840147959653965}