{"1": 21.31896404694494, "2": 20.659547465906765, "3": 19.21367926452429, "4": 24.822178513291746, "5": 18.82191342084916, "6": 20.624959660943848, "7": 19.887766871548447, "8": 23.038502902527753, "9": 19.573782021446867, "10": 18.903994716052544, "11": 20.43550120068543, "12": 21.454156836718063, "13": 17.760171954874824, "14": 18.148771385185036, "15": 29.851670669736304, "16": 18.950489403099667, "17": 19.071628326941674, "18": 16.72433441322416, "19": 21.43141311482127, "20": 22.722628503791388, "21": 22.565938083764987, "22": 23.95271799287101, "23": 18.92948453882018, "24": 19.38692569591621, "25": 17.99973444801099, "26": 17.88963156196026, "27": 23.298558782565465, "28": 20.261164217377065, "29": 16.49120131210883, "30": 21.524546533613776, "31": 17.687669099521013, "32": 23.827426671385755, "33": 17.10444723341978, "34": 18.90121310097081, "35": 16.375909677347174, "36": 18.800460758162433, "37": 18.95812327275589, "38": 21.925223883400133, "39": 17.047578794020975, "40": 20.885786435524874, "41": 27.239895987438832}